width_mean,width_std,height_mean,height_std,aspect_ratio_mean,aspect_ratio_std
524.5631477927063,174.42795878809682,508.45201535508636,173.86111479229982,1.0398530282955505,0.11655844681471479
